CREATE DATABASE  IF NOT EXISTS `ecommercetenis` /*!40100 DEFAULT CHARACTER SET utf8 */;
USE `ecommercetenis`;
-- MySQL dump 10.13  Distrib 8.0.17, for macos10.14 (x86_64)
--
-- Host: localhost    Database: ecommercetenis
-- ------------------------------------------------------
-- Server version	5.7.26

/*!40101 SET @OLD_CHARACTER_SET_CLIENT=@@CHARACTER_SET_CLIENT */;
/*!40101 SET @OLD_CHARACTER_SET_RESULTS=@@CHARACTER_SET_RESULTS */;
/*!40101 SET @OLD_COLLATION_CONNECTION=@@COLLATION_CONNECTION */;
/*!50503 SET NAMES utf8 */;
/*!40103 SET @OLD_TIME_ZONE=@@TIME_ZONE */;
/*!40103 SET TIME_ZONE='+00:00' */;
/*!40014 SET @OLD_UNIQUE_CHECKS=@@UNIQUE_CHECKS, UNIQUE_CHECKS=0 */;
/*!40014 SET @OLD_FOREIGN_KEY_CHECKS=@@FOREIGN_KEY_CHECKS, FOREIGN_KEY_CHECKS=0 */;
/*!40101 SET @OLD_SQL_MODE=@@SQL_MODE, SQL_MODE='NO_AUTO_VALUE_ON_ZERO' */;
/*!40111 SET @OLD_SQL_NOTES=@@SQL_NOTES, SQL_NOTES=0 */;

--
-- Table structure for table `categories`
--

DROP TABLE IF EXISTS `categories`;
/*!40101 SET @saved_cs_client     = @@character_set_client */;
/*!50503 SET character_set_client = utf8mb4 */;
CREATE TABLE `categories` (
  `id` bigint(20) unsigned NOT NULL AUTO_INCREMENT,
  `name` varchar(255) COLLATE utf8mb4_unicode_ci NOT NULL,
  `slug` varchar(255) COLLATE utf8mb4_unicode_ci DEFAULT NULL,
  `imageUrl` varchar(255) COLLATE utf8mb4_unicode_ci DEFAULT NULL,
  `created_at` timestamp NULL DEFAULT NULL,
  `updated_at` timestamp NULL DEFAULT NULL,
  `description` varchar(199) COLLATE utf8mb4_unicode_ci DEFAULT NULL,
  PRIMARY KEY (`id`),
  UNIQUE KEY `categories_name_unique` (`name`),
  UNIQUE KEY `categories_slug_unique` (`slug`)
) ENGINE=InnoDB AUTO_INCREMENT=6 DEFAULT CHARSET=utf8mb4 COLLATE=utf8mb4_unicode_ci;
/*!40101 SET character_set_client = @saved_cs_client */;

--
-- Dumping data for table `categories`
--

LOCK TABLES `categories` WRITE;
/*!40000 ALTER TABLE `categories` DISABLE KEYS */;
INSERT INTO `categories` VALUES (1,'Raquetas','raquetas','/images/main-racquets.jpg',NULL,NULL,'Las mejores raquetas del mercado'),(2,'Pelotas','pelotas','/images/main-balls.jpg',NULL,NULL,'Juga con las pelotas de los profesionales'),(3,'Cuerdas','cuerdas','/images/main-strings.jpg',NULL,NULL,'Las cuerdas del los jugadores Atp'),(4,'Bolsos','bolsos','/images/main-tennisbags.jpg',NULL,NULL,'Los mejores bolsos'),(5,'Accesorios','accesorios','/images/main-accessories.jpg',NULL,NULL,'Todo lo que necesitas para jugar ');
/*!40000 ALTER TABLE `categories` ENABLE KEYS */;
UNLOCK TABLES;

--
-- Table structure for table `migrations`
--

DROP TABLE IF EXISTS `migrations`;
/*!40101 SET @saved_cs_client     = @@character_set_client */;
/*!50503 SET character_set_client = utf8mb4 */;
CREATE TABLE `migrations` (
  `id` int(10) unsigned NOT NULL AUTO_INCREMENT,
  `migration` varchar(255) COLLATE utf8mb4_unicode_ci NOT NULL,
  `batch` int(11) NOT NULL,
  PRIMARY KEY (`id`)
) ENGINE=InnoDB AUTO_INCREMENT=8 DEFAULT CHARSET=utf8mb4 COLLATE=utf8mb4_unicode_ci;
/*!40101 SET character_set_client = @saved_cs_client */;

--
-- Dumping data for table `migrations`
--

LOCK TABLES `migrations` WRITE;
/*!40000 ALTER TABLE `migrations` DISABLE KEYS */;
INSERT INTO `migrations` VALUES (1,'2014_10_12_000000_create_users_table',1),(2,'2014_10_12_100000_create_password_resets_table',1),(3,'2019_12_11_125134_create_categories_table',1),(4,'2019_12_11_125322_create_products_table',1),(5,'2019_12_11_130052_create_products_in_cart_table',1),(6,'2019_12_11_130905_create_orders_table',1),(7,'2019_12_11_131033_create_orders_products_table',1);
/*!40000 ALTER TABLE `migrations` ENABLE KEYS */;
UNLOCK TABLES;

--
-- Table structure for table `orders`
--

DROP TABLE IF EXISTS `orders`;
/*!40101 SET @saved_cs_client     = @@character_set_client */;
/*!50503 SET character_set_client = utf8mb4 */;
CREATE TABLE `orders` (
  `id` bigint(20) unsigned NOT NULL AUTO_INCREMENT,
  `user_id` bigint(20) unsigned NOT NULL,
  `total` double(8,2) NOT NULL,
  `created_at` timestamp NULL DEFAULT NULL,
  `updated_at` timestamp NULL DEFAULT NULL,
  `cname` varchar(45) COLLATE utf8mb4_unicode_ci DEFAULT NULL,
  `cnumber` varchar(45) COLLATE utf8mb4_unicode_ci DEFAULT NULL,
  `cbrand` varchar(45) COLLATE utf8mb4_unicode_ci DEFAULT NULL,
  `cexpirate` varchar(45) COLLATE utf8mb4_unicode_ci DEFAULT NULL,
  `cvv` varchar(45) COLLATE utf8mb4_unicode_ci DEFAULT NULL,
  PRIMARY KEY (`id`),
  KEY `orders_user_id_foreign` (`user_id`),
  CONSTRAINT `orders_user_id_foreign` FOREIGN KEY (`user_id`) REFERENCES `users` (`id`)
) ENGINE=InnoDB AUTO_INCREMENT=23 DEFAULT CHARSET=utf8mb4 COLLATE=utf8mb4_unicode_ci;
/*!40101 SET character_set_client = @saved_cs_client */;

--
-- Dumping data for table `orders`
--

LOCK TABLES `orders` WRITE;
/*!40000 ALTER TABLE `orders` DISABLE KEYS */;
INSERT INTO `orders` VALUES (1,3,19999.00,'2019-12-16 06:23:23','2019-12-16 06:23:23',NULL,NULL,NULL,NULL,NULL),(2,3,3185.00,'2019-12-16 06:23:49','2019-12-16 06:23:49',NULL,NULL,NULL,NULL,NULL),(3,3,24489.00,'2019-12-16 06:37:17','2019-12-16 06:37:17',NULL,NULL,NULL,NULL,NULL),(4,3,39998.00,'2019-12-16 07:14:27','2019-12-16 07:14:27',NULL,NULL,NULL,NULL,NULL),(5,5,49096.00,'2019-12-17 01:06:48','2019-12-17 01:06:48',NULL,NULL,NULL,NULL,NULL),(6,14,39998.00,'2019-12-17 22:28:19','2019-12-17 22:28:19','Stillo Juan Francis','1111111111111111111111',NULL,'09-20','1231'),(7,3,18749.00,'2019-12-17 22:44:34','2019-12-17 22:44:34','Stillo Juan Francis','1111111111111111111',NULL,'12/23','454'),(8,15,18749.00,'2019-12-17 22:53:58','2019-12-17 22:53:58','Stillo Juan Francis','1111111111111111111',NULL,'111111','1112'),(9,16,19999.00,'2019-12-17 22:59:29','2019-12-17 22:59:29','Stillo Juan Francis','1111111111111111',NULL,'11','1232'),(10,19,19999.00,'2019-12-17 23:49:26','2019-12-17 23:49:26','Stillo Juan Francis','1111111111111',NULL,'11/20','234'),(11,20,19999.00,'2019-12-18 04:45:49','2019-12-18 04:45:49','Stillo Juan Francis','111111111111111111111',NULL,'12/12','1212'),(12,22,39998.00,'2019-12-18 11:08:26','2019-12-18 11:08:26','Stillo Juan Francis','1111111111111111111111',NULL,'12/23','899'),(13,12,19999.00,'2019-12-18 23:54:04','2019-12-18 23:54:04','Stillo Juan Francis','1111111111111',NULL,'12/29','222'),(14,12,19999.00,'2019-12-19 00:37:24','2019-12-19 00:37:24','Stillo Juan Francis','111111111111111111',NULL,'23/12','123'),(15,23,19999.00,'2019-12-19 02:00:17','2019-12-19 02:00:17','Stillo Juan Francis','111111111111111111111111',NULL,'12/23','899'),(16,22,19999.00,'2019-12-29 20:03:34','2019-12-29 20:03:34','Stillo Juan Francis','1111111111111111111',NULL,'23/90','123'),(17,14,19999.00,'2020-01-06 02:20:50','2020-01-06 02:20:50','Juan carlos','12121121121212121212',NULL,'09/09/2001','213123'),(18,14,19999.00,'2020-01-06 03:56:57','2020-01-06 03:56:57','e231232132123','123123213123',NULL,'1232132131','123123'),(19,24,38748.00,'2020-01-06 05:42:47','2020-01-06 05:42:47','3232323','23233223232',NULL,'23232','2323'),(20,24,19999.00,'2020-01-09 22:13:33','2020-01-09 22:13:33','Stillo Juan Francis','1111111111111',NULL,'11/11','111222'),(21,29,19999.00,'2020-01-09 23:42:04','2020-01-09 23:42:04','Juan carlos','223232232323232',NULL,'2322','2322'),(22,30,19249.00,'2020-01-10 18:33:25','2020-01-10 18:33:25','MATIASBUENO','12343224234234324',NULL,'2342342','243');
/*!40000 ALTER TABLE `orders` ENABLE KEYS */;
UNLOCK TABLES;

--
-- Table structure for table `orders_products`
--

DROP TABLE IF EXISTS `orders_products`;
/*!40101 SET @saved_cs_client     = @@character_set_client */;
/*!50503 SET character_set_client = utf8mb4 */;
CREATE TABLE `orders_products` (
  `order_id` bigint(20) unsigned NOT NULL,
  `product_id` bigint(20) unsigned NOT NULL,
  `count` int(11) NOT NULL,
  `price` double(8,2) NOT NULL,
  `created_at` timestamp NULL DEFAULT NULL,
  `updated_at` timestamp NULL DEFAULT NULL,
  PRIMARY KEY (`order_id`,`product_id`),
  KEY `orders_products_product_id_foreign` (`product_id`),
  CONSTRAINT `orders_products_order_id_foreign` FOREIGN KEY (`order_id`) REFERENCES `orders` (`id`),
  CONSTRAINT `orders_products_product_id_foreign` FOREIGN KEY (`product_id`) REFERENCES `products` (`id`)
) ENGINE=InnoDB DEFAULT CHARSET=utf8mb4 COLLATE=utf8mb4_unicode_ci;
/*!40101 SET character_set_client = @saved_cs_client */;

--
-- Dumping data for table `orders_products`
--

LOCK TABLES `orders_products` WRITE;
/*!40000 ALTER TABLE `orders_products` DISABLE KEYS */;
INSERT INTO `orders_products` VALUES (1,1,1,19999.00,'2019-12-16 06:23:23','2019-12-16 06:23:23'),(2,31,7,455.00,'2019-12-16 06:23:49','2019-12-16 06:23:49'),(3,1,1,19999.00,'2019-12-16 06:37:17','2019-12-16 06:37:17'),(3,61,10,449.00,'2019-12-16 06:37:17','2019-12-16 06:37:17'),(4,1,2,19999.00,'2019-12-16 07:14:27','2019-12-16 07:14:27'),(5,13,2,14999.00,'2019-12-17 01:06:48','2019-12-17 01:06:48'),(5,38,1,18749.00,'2019-12-17 01:06:48','2019-12-17 01:06:48'),(5,63,1,349.00,'2019-12-17 01:06:48','2019-12-17 01:06:48'),(6,1,2,19999.00,'2019-12-17 22:28:19','2019-12-17 22:28:19'),(7,38,1,18749.00,'2019-12-17 22:44:34','2019-12-17 22:44:34'),(8,39,1,18749.00,'2019-12-17 22:53:58','2019-12-17 22:53:58'),(9,1,1,19999.00,'2019-12-17 22:59:29','2019-12-17 22:59:29'),(10,1,1,19999.00,'2019-12-17 23:49:26','2019-12-17 23:49:26'),(11,1,1,19999.00,'2019-12-18 04:45:49','2019-12-18 04:45:49'),(12,1,2,19999.00,'2019-12-18 11:08:26','2019-12-18 11:08:26'),(13,1,1,19999.00,'2019-12-18 23:54:04','2019-12-18 23:54:04'),(14,1,1,19999.00,'2019-12-19 00:37:24','2019-12-19 00:37:24'),(15,1,1,19999.00,'2019-12-19 02:00:17','2019-12-19 02:00:17'),(16,1,1,19999.00,'2019-12-29 20:03:34','2019-12-29 20:03:34'),(17,1,1,19999.00,'2020-01-06 02:20:50','2020-01-06 02:20:50'),(18,1,1,19999.00,'2020-01-06 03:56:57','2020-01-06 03:56:57'),(19,1,1,19999.00,'2020-01-06 05:42:47','2020-01-06 05:42:47'),(19,39,1,18749.00,'2020-01-06 05:42:47','2020-01-06 05:42:47'),(20,1,1,19999.00,'2020-01-09 22:13:33','2020-01-09 22:13:33'),(21,1,1,19999.00,'2020-01-09 23:42:04','2020-01-09 23:42:04'),(22,39,1,18749.00,'2020-01-10 18:33:25','2020-01-10 18:33:25'),(22,58,1,500.00,'2020-01-10 18:33:25','2020-01-10 18:33:25');
/*!40000 ALTER TABLE `orders_products` ENABLE KEYS */;
UNLOCK TABLES;

--
-- Table structure for table `password_resets`
--

DROP TABLE IF EXISTS `password_resets`;
/*!40101 SET @saved_cs_client     = @@character_set_client */;
/*!50503 SET character_set_client = utf8mb4 */;
CREATE TABLE `password_resets` (
  `email` varchar(255) COLLATE utf8mb4_unicode_ci NOT NULL,
  `token` varchar(255) COLLATE utf8mb4_unicode_ci NOT NULL,
  `created_at` timestamp NULL DEFAULT NULL,
  KEY `password_resets_email_index` (`email`)
) ENGINE=InnoDB DEFAULT CHARSET=utf8mb4 COLLATE=utf8mb4_unicode_ci;
/*!40101 SET character_set_client = @saved_cs_client */;

--
-- Dumping data for table `password_resets`
--

LOCK TABLES `password_resets` WRITE;
/*!40000 ALTER TABLE `password_resets` DISABLE KEYS */;
/*!40000 ALTER TABLE `password_resets` ENABLE KEYS */;
UNLOCK TABLES;

--
-- Table structure for table `products`
--

DROP TABLE IF EXISTS `products`;
/*!40101 SET @saved_cs_client     = @@character_set_client */;
/*!50503 SET character_set_client = utf8mb4 */;
CREATE TABLE `products` (
  `id` bigint(20) unsigned NOT NULL AUTO_INCREMENT,
  `name` varchar(255) COLLATE utf8mb4_unicode_ci NOT NULL,
  `slug` varchar(255) COLLATE utf8mb4_unicode_ci DEFAULT NULL,
  `imageUrl` varchar(255) COLLATE utf8mb4_unicode_ci DEFAULT NULL,
  `price` double(8,2) DEFAULT NULL,
  `created_at` timestamp NULL DEFAULT NULL,
  `updated_at` timestamp NULL DEFAULT NULL,
  `category_id` bigint(20) unsigned NOT NULL,
  `description` varchar(10000) COLLATE utf8mb4_unicode_ci DEFAULT NULL,
  PRIMARY KEY (`id`),
  UNIQUE KEY `products_name_unique` (`name`),
  UNIQUE KEY `products_slug_unique` (`slug`),
  KEY `products_category_id_foreign` (`category_id`),
  CONSTRAINT `products_category_id_foreign` FOREIGN KEY (`category_id`) REFERENCES `categories` (`id`)
) ENGINE=InnoDB AUTO_INCREMENT=69 DEFAULT CHARSET=utf8mb4 COLLATE=utf8mb4_unicode_ci;
/*!40101 SET character_set_client = @saved_cs_client */;

--
-- Dumping data for table `products`
--

LOCK TABLES `products` WRITE;
/*!40000 ALTER TABLE `products` DISABLE KEYS */;
INSERT INTO `products` VALUES (1,'RAQUETA BABOLAT PURE AERO','raqueta-babolat-pure-aero','/images/1.jpg',21000.00,NULL,'2020-01-14 18:49:57',1,'Esta raqueta de jugador está preparada para el juego moderno, y es una de las mejores opciones para jugadores agresivos que busquen tomar las riendas en la pista con velocidad y efectos. Es una opción muy buena para jugadores de nivel intermedio y avanzado. Cuenta con un tamiz de 645 cm², un patrón de encordado de 16x19 y una longitud estándar.'),(2,'RAQUETA BABOLAT PURE DRIVE','raqueta-babolat-pure-drive','/images/3.jpg',19999.00,NULL,NULL,1,'Esta raqueta de jugador está preparada para el juego moderno, y es una de las mejores opciones para jugadores agresivos que busquen tomar las riendas en la pista con velocidad y efectos. Es una opción muy buena para jugadores de nivel intermedio y avanzado. Cuenta con un tamiz de 645 cm², un patrón de encordado de 16x19 y una longitud estándar.'),(3,'RAQUETA BABOLAT PURE CONTROL','raqueta-babolat-pure-control','/images/6.jpg',18999.00,NULL,NULL,1,'Esta raqueta de jugador está preparada para el juego moderno, y es una de las mejores opciones para jugadores agresivos que busquen tomar las riendas en la pista con velocidad y efectos. Es una opción muy buena para jugadores de nivel intermedio y avanzado. Cuenta con un tamiz de 645 cm², un patrón de encordado de 16x19 y una longitud estándar.'),(4,'RAQUETA BABOLAT PURE STRIKE','raqueta-babolat-pure-strike','/images/5.jpg',18499.00,NULL,NULL,1,'Esta raqueta de jugador está preparada para el juego moderno, y es una de las mejores opciones para jugadores agresivos que busquen tomar las riendas en la pista con velocidad y efectos. Es una opción muy buena para jugadores de nivel intermedio y avanzado. Cuenta con un tamiz de 645 cm², un patrón de encordado de 16x19 y una longitud estándar.'),(5,'RAQUETA TECNIFIBRE F-265','raqueta-tecnifibre-fight-265','/images/15.jpg',17999.00,NULL,NULL,1,'Esta raqueta de jugador está preparada para el juego moderno, y es una de las mejores opciones para jugadores agresivos que busquen tomar las riendas en la pista con velocidad y efectos. Es una opción muy buena para jugadores de nivel intermedio y avanzado. Cuenta con un tamiz de 645 cm², un patrón de encordado de 16x19 y una longitud estándar.'),(6,'RAQUETA TECNIFIBRE F-295','raqueta-tecnifibre-fight-295','/images/16.jpg',16999.00,NULL,NULL,1,'Esta raqueta de jugador está preparada para el juego moderno, y es una de las mejores opciones para jugadores agresivos que busquen tomar las riendas en la pista con velocidad y efectos. Es una opción muy buena para jugadores de nivel intermedio y avanzado. Cuenta con un tamiz de 645 cm², un patrón de encordado de 16x19 y una longitud estándar.'),(7,'RAQUETA TECNIFIBRE F-300','raqueta-tecnifibre-fight-300','/images/17.jpg',18399.00,NULL,NULL,1,'Esta raqueta de jugador está preparada para el juego moderno, y es una de las mejores opciones para jugadores agresivos que busquen tomar las riendas en la pista con velocidad y efectos. Es una opción muy buena para jugadores de nivel intermedio y avanzado. Cuenta con un tamiz de 645 cm², un patrón de encordado de 16x19 y una longitud estándar.'),(8,'RAQUETA TECNIFIBRE F-315','raqueta-tecnifibre-f-315','/images/18.jpg',17399.00,NULL,'2020-01-14 18:57:06',1,'Esta raqueta de jugador está preparada para el juego moderno, y es una de las mejores opciones para jugadores agresivos que busquen tomar las riendas en la pista con velocidad y efectos. Es una opción muy buena para jugadores de nivel intermedio y avanzado. Cuenta con un tamiz de 645 cm², un patrón de encordado de 16x19 y una longitud estándar.'),(9,'RAQUETA TECNIFIBRE F-320','raqueta-tecnifibre-fight-320','/images/13.jpg',19399.00,NULL,NULL,1,'Esta raqueta de jugador está preparada para el juego moderno, y es una de las mejores opciones para jugadores agresivos que busquen tomar las riendas en la pista con velocidad y efectos. Es una opción muy buena para jugadores de nivel intermedio y avanzado. Cuenta con un tamiz de 645 cm², un patrón de encordado de 16x19 y una longitud estándar.'),(10,'RAQUETA TECNIFIBRE F-325','raqueta-tecnifibre-fight-325','/images/18.jpg',18399.00,NULL,NULL,1,'Esta raqueta de jugador está preparada para el juego moderno, y es una de las mejores opciones para jugadores agresivos que busquen tomar las riendas en la pista con velocidad y efectos. Es una opción muy buena para jugadores de nivel intermedio y avanzado. Cuenta con un tamiz de 645 cm², un patrón de encordado de 16x19 y una longitud estándar.'),(11,'RAQUETA HEAD GRAPHENE SPEED X','raqueta-graphene-speed-x','/images/head-graphene-speed-x.jpg',15999.00,NULL,NULL,1,'Esta raqueta de jugador está preparada para el juego moderno, y es una de las mejores opciones para jugadores agresivos que busquen tomar las riendas en la pista con velocidad y efectos. Es una opción muy buena para jugadores de nivel intermedio y avanzado. Cuenta con un tamiz de 645 cm², un patrón de encordado de 16x19 y una longitud estándar.'),(12,'RAQUETA HEAD GRAPHENE PRO','raqueta-graphene-speed-pro','/images/head-graphene-speed-x.jpg',15999.00,NULL,NULL,1,'Esta raqueta de jugador está preparada para el juego moderno, y es una de las mejores opciones para jugadores agresivos que busquen tomar las riendas en la pista con velocidad y efectos. Es una opción muy buena para jugadores de nivel intermedio y avanzado. Cuenta con un tamiz de 645 cm², un patrón de encordado de 16x19 y una longitud estándar.'),(13,'RAQUETA HEAD GRAPHENE SPEED MP','raqueta-graphene-speed-mp','/images/11.jpg',14999.00,NULL,NULL,1,'Esta raqueta de jugador está preparada para el juego moderno, y es una de las mejores opciones para jugadores agresivos que busquen tomar las riendas en la pista con velocidad y efectos. Es una opción muy buena para jugadores de nivel intermedio y avanzado. Cuenta con un tamiz de 645 cm², un patrón de encordado de 16x19 y una longitud estándar.'),(14,'RAQUETA HEAD GRAPHENE 360 GRAVITY PRO','raqueta-graphene-gravity-pro','/images/head-gravity-pro.jpg',15439.00,NULL,NULL,1,'Esta raqueta de jugador está preparada para el juego moderno, y es una de las mejores opciones para jugadores agresivos que busquen tomar las riendas en la pista con velocidad y efectos. Es una opción muy buena para jugadores de nivel intermedio y avanzado. Cuenta con un tamiz de 645 cm², un patrón de encordado de 16x19 y una longitud estándar.'),(15,'RAQUETA HEAD GRAPHENE 350 GRAVITY MP','raqueta-graphene-gravity-mp','/images/head-gravity-pro.jpg',15439.00,NULL,NULL,1,'Esta raqueta de jugador está preparada para el juego moderno, y es una de las mejores opciones para jugadores agresivos que busquen tomar las riendas en la pista con velocidad y efectos. Es una opción muy buena para jugadores de nivel intermedio y avanzado. Cuenta con un tamiz de 645 cm², un patrón de encordado de 16x19 y una longitud estándar.'),(16,'RAQUETA HEAD XT GRAVITY S','raqueta-graphene-gravity-s','/images/head-gravity-pro.jpg',14999.00,NULL,NULL,1,'Esta raqueta de jugador está preparada para el juego moderno, y es una de las mejores opciones para jugadores agresivos que busquen tomar las riendas en la pista con velocidad y efectos. Es una opción muy buena para jugadores de nivel intermedio y avanzado. Cuenta con un tamiz de 645 cm², un patrón de encordado de 16x19 y una longitud estándar.'),(17,'RAQUETA WILSON BLADE 98','raqueta-blade-98','/images/wilson-blade-98.jpg',12900.00,NULL,NULL,1,'Esta raqueta de jugador está preparada para el juego moderno, y es una de las mejores opciones para jugadores agresivos que busquen tomar las riendas en la pista con velocidad y efectos. Es una opción muy buena para jugadores de nivel intermedio y avanzado. Cuenta con un tamiz de 645 cm², un patrón de encordado de 16x19 y una longitud estándar.'),(18,'RAQUETA WILSON BLADE 98 S','raqueta-blade-98s','/images/19.jpg',11900.00,NULL,NULL,1,'Esta raqueta de jugador está preparada para el juego moderno, y es una de las mejores opciones para jugadores agresivos que busquen tomar las riendas en la pista con velocidad y efectos. Es una opción muy buena para jugadores de nivel intermedio y avanzado. Cuenta con un tamiz de 645 cm², un patrón de encordado de 16x19 y una longitud estándar.'),(19,'RAQUETA WILSON PRO STAFF 97','raqueta-prostaff-97','/images/20.jpg',12499.00,NULL,NULL,1,'Esta raqueta de jugador está preparada para el juego moderno, y es una de las mejores opciones para jugadores agresivos que busquen tomar las riendas en la pista con velocidad y efectos. Es una opción muy buena para jugadores de nivel intermedio y avanzado. Cuenta con un tamiz de 645 cm², un patrón de encordado de 16x19 y una longitud estándar.'),(20,'RAQUETA WILSON CLASH 100','raqueta-clash100','/images/clash-100.jpg',13499.00,NULL,NULL,1,'Esta raqueta de jugador está preparada para el juego moderno, y es una de las mejores opciones para jugadores agresivos que busquen tomar las riendas en la pista con velocidad y efectos. Es una opción muy buena para jugadores de nivel intermedio y avanzado. Cuenta con un tamiz de 645 cm², un patrón de encordado de 16x19 y una longitud estándar.'),(21,'RAQUETA WILSON ULTRA 100','raqueta-ultra-100','/images/wilson-ultra.jpg',12999.00,NULL,NULL,1,'Esta raqueta de jugador está preparada para el juego moderno, y es una de las mejores opciones para jugadores agresivos que busquen tomar las riendas en la pista con velocidad y efectos. Es una opción muy buena para jugadores de nivel intermedio y avanzado. Cuenta con un tamiz de 645 cm², un patrón de encordado de 16x19 y una longitud estándar.'),(22,'RAQUETA WILSON PS 97 LAVER','raqueta-prostaff97-laver','/images/wilson-pro-staff-97laver.jpg',13549.00,NULL,NULL,1,'Esta raqueta de jugador está preparada para el juego moderno, y es una de las mejores opciones para jugadores agresivos que busquen tomar las riendas en la pista con velocidad y efectos. Es una opción muy buena para jugadores de nivel intermedio y avanzado. Cuenta con un tamiz de 645 cm², un patrón de encordado de 16x19 y una longitud estándar.'),(23,'RAQUETA WILSON PRO STAFF 97 S','raqueta-prostaff97-s','/images/20.jpg',11999.00,NULL,NULL,1,'Esta raqueta de jugador está preparada para el juego moderno, y es una de las mejores opciones para jugadores agresivos que busquen tomar las riendas en la pista con velocidad y efectos. Es una opción muy buena para jugadores de nivel intermedio y avanzado. Cuenta con un tamiz de 645 cm², un patrón de encordado de 16x19 y una longitud estándar.'),(24,'RAQUETA YONEX VCORE PRO 100','raqueta-vcore-100','/images/yonex-vcore.jpg',13249.00,NULL,NULL,1,'Esta raqueta de jugador está preparada para el juego moderno, y es una de las mejores opciones para jugadores agresivos que busquen tomar las riendas en la pista con velocidad y efectos. Es una opción muy buena para jugadores de nivel intermedio y avanzado. Cuenta con un tamiz de 645 cm², un patrón de encordado de 16x19 y una longitud estándar.'),(25,'RAQUETA YONEX VCORE PRO 98','raqueta-vcore-98','/images/25.jpg',13249.00,NULL,NULL,1,'Esta raqueta de jugador está preparada para el juego moderno, y es una de las mejores opciones para jugadores agresivos que busquen tomar las riendas en la pista con velocidad y efectos. Es una opción muy buena para jugadores de nivel intermedio y avanzado. Cuenta con un tamiz de 645 cm², un patrón de encordado de 16x19 y una longitud estándar.'),(26,'RAQUETA YONEX VPRO 98 2018','raqueta-vpro-98','/images/26.jpg',12249.00,NULL,NULL,1,'Esta raqueta de jugador está preparada para el juego moderno, y es una de las mejores opciones para jugadores agresivos que busquen tomar las riendas en la pista con velocidad y efectos. Es una opción muy buena para jugadores de nivel intermedio y avanzado. Cuenta con un tamiz de 645 cm², un patrón de encordado de 16x19 y una longitud estándar.'),(27,'RAQUETA YONEX VPRO 100 2018','raqueta-vpro-100','/images/27.jpg',12249.00,NULL,NULL,1,'Esta raqueta de jugador está preparada para el juego moderno, y es una de las mejores opciones para jugadores agresivos que busquen tomar las riendas en la pista con velocidad y efectos. Es una opción muy buena para jugadores de nivel intermedio y avanzado. Cuenta con un tamiz de 645 cm², un patrón de encordado de 16x19 y una longitud estándar.'),(28,'RAQUETA YONEX EZONE 98','raqueta-ezone-98','/images/28.jpg',12249.00,NULL,NULL,1,'Esta raqueta de jugador está preparada para el juego moderno, y es una de las mejores opciones para jugadores agresivos que busquen tomar las riendas en la pista con velocidad y efectos. Es una opción muy buena para jugadores de nivel intermedio y avanzado. Cuenta con un tamiz de 645 cm², un patrón de encordado de 16x19 y una longitud estándar.'),(29,'RAQUETA YONEX EZONE 100','raqueta-ezone-100','/images/29.jpg',12239.00,NULL,NULL,1,'Esta raqueta de jugador está preparada para el juego moderno, y es una de las mejores opciones para jugadores agresivos que busquen tomar las riendas en la pista con velocidad y efectos. Es una opción muy buena para jugadores de nivel intermedio y avanzado. Cuenta con un tamiz de 645 cm², un patrón de encordado de 16x19 y una longitud estándar.'),(30,'PELOTAS PENN #1','pelotas-pennchampionship-x3','/images/30.jpg',435.00,NULL,NULL,2,'Ideal para un uso en competición de alto nivel, la pelota Club cuenta con un núcleo Dynamic y un fieltro Milliken para una durabilidad y calidad supremas.\nFieltro Milliken para una calidad suprema.\nApta para todo tipo de superfi'),(31,'PELOTAS PENN ATP','pelotas-pennatpx3','/images/31.jpg',455.00,NULL,NULL,2,'Ideal para un uso en competición de alto nivel, la pelota Club cuenta con un núcleo Dynamic y un fieltro Milliken para una durabilidad y calidad supremas.\nFieltro Milliken para una calidad suprema.\nApta para todo tipo de superficies.\nAprobada por la FIT.\nTubo de 3 pelotas.\nCaja de 36 tubos.'),(32,'PELOTAS HEAD ATP','pelotas-headatpx3','/images/32.jpg',500.00,NULL,NULL,2,'Ideal para un uso en competición de alto nivel, la pelota Club cuenta con un núcleo Dynamic y un fieltro Milliken para una durabilidad y calidad supremas.\nFieltro Milliken para una calidad suprema.\nApta para todo tipo de superficies.\nAprobada por la FIT.\nTubo de 3 pelotas.\nCaja de 36 tubos.'),(33,'PELOTAS HEAD CHAMPIONSHIP','pelotas-headchampionshipx3','/images/33.jpg',495.00,NULL,NULL,2,'Ideal para un uso en competición de alto nivel, la pelota Club cuenta con un núcleo Dynamic y un fieltro Milliken para una durabilidad y calidad supremas.\nFieltro Milliken para una calidad suprema.\nApta para todo tipo de superficies.\nAprobada por la FIT.\nTubo de 3 pelotas.\nCaja de 36 tubos.'),(34,'PELOTAS WILSON AUSTRALIAN OPEN','pelotas-wilsonaox3','/images/34.jpg',515.00,NULL,NULL,2,'Ideal para un uso en competición de alto nivel, la pelota Club cuenta con un núcleo Dynamic y un fieltro Milliken para una durabilidad y calidad supremas.\nFieltro Milliken para una calidad suprema.\nApta para todo tipo de superficies.\nAprobada por la FIT.\nTubo de 3 pelotas.\nCaja de 36 tubos.'),(35,'PELOTAS WILSON CHAMPIONSHIP','pelotas-wilsonchampionshiipx3','/images/35.jpg',515.00,NULL,NULL,2,'Ideal para un uso en competición de alto nivel, la pelota Club cuenta con un núcleo Dynamic y un fieltro Milliken para una durabilidad y calidad supremas.\nFieltro Milliken para una calidad suprema.\nApta para todo tipo de superficies.\nAprobada por la FIT.\nTubo de 3 pelotas.\nCaja de 36 tubos.'),(36,'PELOTAS DUNLOP CHAMPIONSHIP','pelotas-dunlopchampionshipx3','/images/36.jpg',600.00,NULL,NULL,2,'Ideal para un uso en competición de alto nivel, la pelota Club cuenta con un núcleo Dynamic y un fieltro Milliken para una durabilidad y calidad supremas.\nFieltro Milliken para una calidad suprema.\nApta para todo tipo de superficies.\nAprobada por la FIT.\nTubo de 3 pelotas.\nCaja de 36 tubos.'),(37,'PELOTAS BABOLAT ROLAND GARROS','pelotas-babolatrolandgarrosx3','/images/37.jpg',589.00,NULL,NULL,2,'Ideal para un uso en competición de alto nivel, la pelota Club cuenta con un núcleo Dynamic y un fieltro Milliken para una durabilidad y calidad supremas.\nFieltro Milliken para una calidad suprema.\nApta para todo tipo de superficies.\nAprobada por la FIT.\nTubo de 3 pelotas.\nCaja de 36 tubos.'),(38,'ROLLO LUXILON ALU POWER','rollo-luxilon-alupower','/images/38.jpg',18749.00,NULL,NULL,3,'Monofilamento de poliéster de baja potencia. Tiene una firmeza media, y está diseñado para darte más control en tus mejores swings. Como resultado, podrás mejorar la velocidad de tus golpes y crear más efectos. Te durará bastante, incluso si eres de los que rompe cordajes con solo mirarlos.  Calibre: 16/1,25 mm Longitud: 12 m Composición: Monofilamento de poliéster'),(39,'ROLLO LUXILON ALU POWER ROUGH','rollo-luxilon-alupowerrough','/images/39.jpg',18749.00,NULL,NULL,3,'Monofilamento de poliéster de baja potencia. Tiene una firmeza media, y está diseñado para darte más control en tus mejores swings. Como resultado, podrás mejorar la velocidad de tus golpes y crear más efectos. Te durará bastante, incluso si eres de los que rompe cordajes con solo mirarlos.  Calibre: 16/1,25 mm Longitud: 12 m Composición: Monofilamento de poliéster'),(40,'ROLLO LUXILON ORIGINAL','rollo-luxilonoriginal','/images/40.jpg',17749.00,NULL,NULL,3,'Monofilamento de poliéster de baja potencia. Tiene una firmeza media, y está diseñado para darte más control en tus mejores swings. Como resultado, podrás mejorar la velocidad de tus golpes y crear más efectos. Te durará bastante, incluso si eres de los que rompe cordajes con solo mirarlos.  Calibre: 16/1,25 mm Longitud: 12 m Composición: Monofilamento de poliéster'),(41,'ROLLO KIRSCHBAUM PRO LINE II','rollo-kirschbaum-prolineII','/images/41.jpg',124999.00,NULL,NULL,3,'Monofilamento de poliéster de baja potencia. Tiene una firmeza media, y está diseñado para darte más control en tus mejores swings. Como resultado, podrás mejorar la velocidad de tus golpes y crear más efectos. Te durará bastante, incluso si eres de los que rompe cordajes con solo mirarlos.  Calibre: 16/1,25 mm Longitud: 12 m Composición: Monofilamento de poliéster'),(42,'ROLLO KIRSCHBAUM PRO LINE X','rollo-kirschbaum-prolinex','/images/42.jpg',11999.00,NULL,NULL,3,'Monofilamento de poliéster de baja potencia. Tiene una firmeza media, y está diseñado para darte más control en tus mejores swings. Como resultado, podrás mejorar la velocidad de tus golpes y crear más efectos. Te durará bastante, incluso si eres de los que rompe cordajes con solo mirarlos.  Calibre: 16/1,25 mm Longitud: 12 m Composición: Monofilamento de poliéster'),(43,'ROLLO KIRSCHBAUM SUPER SMASH','rollo-kirschbaum-supersmash','/images/43.jpg',10449.00,NULL,NULL,3,'Monofilamento de poliéster de baja potencia. Tiene una firmeza media, y está diseñado para darte más control en tus mejores swings. Como resultado, podrás mejorar la velocidad de tus golpes y crear más efectos. Te durará bastante, incluso si eres de los que rompe cordajes con solo mirarlos.  Calibre: 16/1,25 mm Longitud: 12 m Composición: Monofilamento de poliéster'),(44,'ROLLO KIRSCHBAUM COMP','rollo-kirschbaum-competition','/images/44.jpg',9999.00,NULL,NULL,3,'Monofilamento de poliéster de baja potencia. Tiene una firmeza media, y está diseñado para darte más control en tus mejores swings. Como resultado, podrás mejorar la velocidad de tus golpes y crear más efectos. Te durará bastante, incluso si eres de los que rompe cordajes con solo mirarlos.  Calibre: 16/1,25 mm Longitud: 12 m Composición: Monofilamento de poliéster'),(45,'ROLLO BABOLAT RPM BLAST ','rollo-babolat-rpmblast','/images/45.jpg',16449.00,NULL,NULL,3,'Monofilamento de poliéster de baja potencia. Tiene una firmeza media, y está diseñado para darte más control en tus mejores swings. Como resultado, podrás mejorar la velocidad de tus golpes y crear más efectos. Te durará bastante, incluso si eres de los que rompe cordajes con solo mirarlos.  Calibre: 16/1,25 mm Longitud: 12 m Composición: Monofilamento de poliéster'),(46,'ROLLO BABOLAT PRO HURRICANE','rollo-babolat-prohurricane','/images/46.jpg',15449.00,NULL,NULL,3,'Monofilamento de poliéster de baja potencia. Tiene una firmeza media, y está diseñado para darte más control en tus mejores swings. Como resultado, podrás mejorar la velocidad de tus golpes y crear más efectos. Te durará bastante, incluso si eres de los que rompe cordajes con solo mirarlos.  Calibre: 16/1,25 mm Longitud: 12 m Composición: Monofilamento de poliéster'),(47,'ROLLO BABOLAT XCELL','rollo-babolat-xcell','/images/47.jpg',8999.00,NULL,NULL,3,'Monofilamento de poliéster de baja potencia. Tiene una firmeza media, y está diseñado para darte más control en tus mejores swings. Como resultado, podrás mejorar la velocidad de tus golpes y crear más efectos. Te durará bastante, incluso si eres de los que rompe cordajes con solo mirarlos.  Calibre: 16/1,25 mm Longitud: 12 m Composición: Monofilamento de poliéster'),(48,'BOLSO WILSON FEDERER DNA X12 RED','bolso-wilson-federer-dna-x12','/images/48.jpg',8999.00,NULL,NULL,4,'Forrado con tejido de lona, un material resistente irrompible, fácil de limpiar, resistente al agua y que protege tu equipación de la radiación solar. Tiene varios detalles destinados a organización y un compartimento en el medio en el que podrás guardar hasta 6 raquetas. En los laterales podrás guardar más raquetas o puedes dividir los compartimentos para llevar otra equipación. También tiene dos bolsillos de malla  para guardar tus objetos más pequeños mejor organizados. El bolsillo grande y ventilado para las zapatillas es lo suficientemente grande para llevar dos pares de zapatillas o la ropa sucia. También tiene un bolsillo pequeño para accesorios en uno de los laterales para que guardes los antivibradores o la cinta de grip. Es ligera, hecha con un material resistente e impermeable; además, el sistema de dos asas acolchadas y ajustables te permite llevarla cómodamente como mochila o al hombro.'),(49,'BOLSO WILSON FEDERER DNA X12 BLACK','bolso-wilson-federer-dna-x12-black','/images/49.jpg',9349.00,NULL,NULL,4,'Forrado con tejido de lona, un material resistente irrompible, fácil de limpiar, resistente al agua y que protege tu equipación de la radiación solar. Tiene varios detalles destinados a organización y un compartimento en el medio en el que podrás guardar hasta 6 raquetas. En los laterales podrás guardar más raquetas o puedes dividir los compartimentos para llevar otra equipación. También tiene dos bolsillos de malla  para guardar tus objetos más pequeños mejor organizados. El bolsillo grande y ventilado para las zapatillas es lo suficientemente grande para llevar dos pares de zapatillas o la ropa sucia. También tiene un bolsillo pequeño para accesorios en uno de los laterales para que guardes los antivibradores o la cinta de grip. Es ligera, hecha con un material resistente e impermeable; además, el sistema de dos asas acolchadas y ajustables te permite llevarla cómodamente como mochila o al hombro.'),(50,'BOLSO BABOLAT PURE AERO X12 NADAL','bolso-babolat-pure-aero-x12','/images/50.jpg',9999.00,NULL,NULL,4,'Forrado con tejido de lona, un material resistente irrompible, fácil de limpiar, resistente al agua y que protege tu equipación de la radiación solar. Tiene varios detalles destinados a organización y un compartimento en el medio en el que podrás guardar hasta 6 raquetas. En los laterales podrás guardar más raquetas o puedes dividir los compartimentos para llevar otra equipación. También tiene dos bolsillos de malla  para guardar tus objetos más pequeños mejor organizados. El bolsillo grande y ventilado para las zapatillas es lo suficientemente grande para llevar dos pares de zapatillas o la ropa sucia. También tiene un bolsillo pequeño para accesorios en uno de los laterales para que guardes los antivibradores o la cinta de grip. Es ligera, hecha con un material resistente e impermeable; además, el sistema de dos asas acolchadas y ajustables te permite llevarla cómodamente como mochila o al hombro.'),(51,'BOLSO BABOLAT PURE X12','bolso-babolat-pure-x12','/images/51.jpg',8999.00,NULL,NULL,4,'Forrado con tejido de lona, un material resistente irrompible, fácil de limpiar, resistente al agua y que protege tu equipación de la radiación solar. Tiene varios detalles destinados a organización y un compartimento en el medio en el que podrás guardar hasta 6 raquetas. En los laterales podrás guardar más raquetas o puedes dividir los compartimentos para llevar otra equipación. También tiene dos bolsillos de malla  para guardar tus objetos más pequeños mejor organizados. El bolsillo grande y ventilado para las zapatillas es lo suficientemente grande para llevar dos pares de zapatillas o la ropa sucia. También tiene un bolsillo pequeño para accesorios en uno de los laterales para que guardes los antivibradores o la cinta de grip. Es ligera, hecha con un material resistente e impermeable; además, el sistema de dos asas acolchadas y ajustables te permite llevarla cómodamente como mochila o al hombro.'),(52,'BOLSO HEAD DJOKOVIC X12','bolso-head-djokovic-x12','/images/52.jpg',9199.00,NULL,NULL,4,'Forrado con tejido de lona, un material resistente irrompible, fácil de limpiar, resistente al agua y que protege tu equipación de la radiación solar. Tiene varios detalles destinados a organización y un compartimento en el medio en el que podrás guardar hasta 6 raquetas. En los laterales podrás guardar más raquetas o puedes dividir los compartimentos para llevar otra equipación. También tiene dos bolsillos de malla  para guardar tus objetos más pequeños mejor organizados. El bolsillo grande y ventilado para las zapatillas es lo suficientemente grande para llevar dos pares de zapatillas o la ropa sucia. También tiene un bolsillo pequeño para accesorios en uno de los laterales para que guardes los antivibradores o la cinta de grip. Es ligera, hecha con un material resistente e impermeable; además, el sistema de dos asas acolchadas y ajustables te permite llevarla cómodamente como mochila o al hombro.'),(53,'BOLSO HEAD RADICAL X12','bolso-head-radical-x12','/images/53.jpg',9349.00,NULL,NULL,4,'Forrado con tejido de lona, un material resistente irrompible, fácil de limpiar, resistente al agua y que protege tu equipación de la radiación solar. Tiene varios detalles destinados a organización y un compartimento en el medio en el que podrás guardar hasta 6 raquetas. En los laterales podrás guardar más raquetas o puedes dividir los compartimentos para llevar otra equipación. También tiene dos bolsillos de malla  para guardar tus objetos más pequeños mejor organizados. El bolsillo grande y ventilado para las zapatillas es lo suficientemente grande para llevar dos pares de zapatillas o la ropa sucia. También tiene un bolsillo pequeño para accesorios en uno de los laterales para que guardes los antivibradores o la cinta de grip. Es ligera, hecha con un material resistente e impermeable; además, el sistema de dos asas acolchadas y ajustables te permite llevarla cómodamente como mochila o al hombro.'),(54,'BOLSO YONEX PRO X12','bolso-yonex-pro-x12','/images/bolso-yonex-x12.jpg',8999.00,NULL,NULL,4,'Forrado con tejido de lona, un material resistente irrompible, fácil de limpiar, resistente al agua y que protege tu equipación de la radiación solar. Tiene varios detalles destinados a organización y un compartimento en el medio en el que podrás guardar hasta 6 raquetas. En los laterales podrás guardar más raquetas o puedes dividir los compartimentos para llevar otra equipación. También tiene dos bolsillos de malla  para guardar tus objetos más pequeños mejor organizados. El bolsillo grande y ventilado para las zapatillas es lo suficientemente grande para llevar dos pares de zapatillas o la ropa sucia. También tiene un bolsillo pequeño para accesorios en uno de los laterales para que guardes los antivibradores o la cinta de grip. Es ligera, hecha con un material resistente e impermeable; además, el sistema de dos asas acolchadas y ajustables te permite llevarla cómodamente como mochila o al hombro.'),(55,'BOLSO YONEX PRO X9','bolso-yonex-pro-x9','/images/bolso-yonex-x9.jpg',7649.00,NULL,NULL,4,'Forrado con tejido de lona, un material resistente irrompible, fácil de limpiar, resistente al agua y que protege tu equipación de la radiación solar. Tiene varios detalles destinados a organización y un compartimento en el medio en el que podrás guardar hasta 6 raquetas. En los laterales podrás guardar más raquetas o puedes dividir los compartimentos para llevar otra equipación. También tiene dos bolsillos de malla  para guardar tus objetos más pequeños mejor organizados. El bolsillo grande y ventilado para las zapatillas es lo suficientemente grande para llevar dos pares de zapatillas o la ropa sucia. También tiene un bolsillo pequeño para accesorios en uno de los laterales para que guardes los antivibradores o la cinta de grip. Es ligera, hecha con un material resistente e impermeable; además, el sistema de dos asas acolchadas y ajustables te permite llevarla cómodamente como mochila o al hombro.'),(56,'BOLSO TECNIFIBRE TOUR ENDURANCE','bolso-tecnifibre-tour-endurance','/images/56.jpg',8999.00,NULL,NULL,4,'Forrado con tejido de lona, un material resistente irrompible, fácil de limpiar, resistente al agua y que protege tu equipación de la radiación solar. Tiene varios detalles destinados a organización y un compartimento en el medio en el que podrás guardar hasta 6 raquetas. En los laterales podrás guardar más raquetas o puedes dividir los compartimentos para llevar otra equipación. También tiene dos bolsillos de malla  para guardar tus objetos más pequeños mejor organizados. El bolsillo grande y ventilado para las zapatillas es lo suficientemente grande para llevar dos pares de zapatillas o la ropa sucia. También tiene un bolsillo pequeño para accesorios en uno de los laterales para que guardes los antivibradores o la cinta de grip. Es ligera, hecha con un material resistente e impermeable; además, el sistema de dos asas acolchadas y ajustables te permite llevarla cómodamente como mochila o al hombro.'),(57,'BOLSO TECNIFIBRE ATP ENDURANCE 15','bolso-tecnifibre-atp-endurance','/images/57.jpg',8499.00,NULL,NULL,4,'Forrado con tejido de lona, un material resistente irrompible, fácil de limpiar, resistente al agua y que protege tu equipación de la radiación solar. Tiene varios detalles destinados a organización y un compartimento en el medio en el que podrás guardar hasta 6 raquetas. En los laterales podrás guardar más raquetas o puedes dividir los compartimentos para llevar otra equipación. También tiene dos bolsillos de malla  para guardar tus objetos más pequeños mejor organizados. El bolsillo grande y ventilado para las zapatillas es lo suficientemente grande para llevar dos pares de zapatillas o la ropa sucia. También tiene un bolsillo pequeño para accesorios en uno de los laterales para que guardes los antivibradores o la cinta de grip. Es ligera, hecha con un material resistente e impermeable; además, el sistema de dos asas acolchadas y ajustables te permite llevarla cómodamente como mochila o al hombro.'),(58,'GRIP WILSON SUBLIME','grip-wilson-sublime','/images/58.jpg',500.00,NULL,NULL,5,'Este Recambio de Grip está confeccionado en gel para proporcionarte unas sensaciones relajadas. Es cómodo, absorbente y adherente, te proporciona un buen agarre incluso cuando más sudas.  '),(59,'GRIP WILSON LEATHER','grip-wilson-leather','/images/59.jpg',700.00,NULL,NULL,5,'Este Recambio de Grip está confeccionado en gel para proporcionarte unas sensaciones relajadas. Es cómodo, absorbente y adherente, te proporciona un buen agarre incluso cuando más sudas.  '),(60,'GRIP BABOLAT SYNTEC ','grip-babolat-syntecpro','/images/60.jpg',449.00,NULL,NULL,5,'Este Recambio de Grip está confeccionado en gel para proporcionarte unas sensaciones relajadas. Es cómodo, absorbente y adherente, te proporciona un buen agarre incluso cuando más sudas.  '),(61,'CUBREGRIP WILSON PRO OVERGRIP X3','cubregrip-wilson-proovergripx3','/images/61.jpg',449.00,NULL,NULL,5,'El sobregrip más popular de la casa Wilson ahora disponible con perforaciones. El fieltro super fino y elástico ofrece una sensación óptima. Ahora con perforaciones, este grip ofrece un tacto mejorado, gran absorción de la humedad y un secado más rápido.\n\nCada paquete contiene 3 sobregrips.\nColores: blanco.'),(62,'CUBREGRIP BABOLAT VS X3','cubregrip-babolat-vsx3','/images/62.jpg',549.00,NULL,NULL,5,'El sobregrip más popular de la Babolat ahora disponible con perforaciones. El fieltro super fino y elástico ofrece una sensación óptima. Ahora con perforaciones, este grip ofrece un tacto mejorado, gran absorción de la humedad y un secado más rápido.  Cada paquete contiene 3 sobregrips. Colores: blanco.'),(63,'ANTIVIBRADOR WILSON FUN X2','antivibrador-wilson-fun-x2','/images/63.jpg',349.00,NULL,NULL,5,'Este Antivibrador cuenta con una construcción densa de silicona y te proporciona unas sensaciones suaves y amortiguadas, además de una respuesta más directa y un mayor feedback de la pelota. Es ideal para los jugadores que no quieren sentir las vibraciones residuales del cordaje en el contacto con la pelota.'),(64,'ANTIVIBRADOR WILSON PRO FEEL X2','antivibrador-wilson-profeel-x2','/images/64.jpg',349.00,NULL,NULL,5,'Este Antivibrador cuenta con una construcción densa de silicona y te proporciona unas sensaciones suaves y amortiguadas, además de una respuesta más directa y un mayor feedback de la pelota. Es ideal para los jugadores que no quieren sentir las vibraciones residuales del cordaje en el contacto con la pelota.'),(65,'ANTIVIBRADOR BABOLAT FLAG DUMP','antivibrador-babolat-flagdump-x2','/images/65.jpg',389.00,NULL,NULL,5,'Este Antivibrador cuenta con una construcción densa de silicona y te proporciona unas sensaciones suaves y amortiguadas, además de una respuesta más directa y un mayor feedback de la pelota. Es ideal para los jugadores que no quieren sentir las vibraciones residuales del cordaje en el contacto con la pelota.'),(66,'ANTIVIBRADOR BABOLAT VIBRAKILL DUMP','antivibrador-babolat-vibrakill-x2','/images/66.jpg',389.00,NULL,NULL,5,'Este Antivibrador cuenta con una construcción densa de silicona y te proporciona unas sensaciones suaves y amortiguadas, además de una respuesta más directa y un mayor feedback de la pelota. Es ideal para los jugadores que no quieren sentir las vibraciones residuales del cordaje en el contacto con la pelota.'),(67,'STENCIL WILSON ROJO','stencil-wilson-rojo','/images/67.jpg',409.00,NULL,NULL,5,'STENCIL WILSON PARA PINTAR ENCORDADOS DE RAQUETAS DE TENIS.\n\nMATERIAL: PLASTICO'),(68,'STENCIL BABOLAT NEGRO','stencil-babolar-negro','/images/68.jpg',409.00,NULL,NULL,5,'STENCIL BABOLAT PARA PINTAR ENCORDADOS DE RAQUETAS DE TENIS.  MATERIAL: PLASTICO');
/*!40000 ALTER TABLE `products` ENABLE KEYS */;
UNLOCK TABLES;

--
-- Table structure for table `products_in_cart`
--

DROP TABLE IF EXISTS `products_in_cart`;
/*!40101 SET @saved_cs_client     = @@character_set_client */;
/*!50503 SET character_set_client = utf8mb4 */;
CREATE TABLE `products_in_cart` (
  `user_id` bigint(20) unsigned NOT NULL,
  `product_id` bigint(20) unsigned NOT NULL,
  `count` int(11) NOT NULL,
  `created_at` timestamp NULL DEFAULT NULL,
  `updated_at` timestamp NULL DEFAULT NULL,
  PRIMARY KEY (`user_id`,`product_id`),
  KEY `products_in_cart_product_id_foreign` (`product_id`),
  CONSTRAINT `products_in_cart_product_id_foreign` FOREIGN KEY (`product_id`) REFERENCES `products` (`id`),
  CONSTRAINT `products_in_cart_user_id_foreign` FOREIGN KEY (`user_id`) REFERENCES `users` (`id`)
) ENGINE=InnoDB DEFAULT CHARSET=utf8mb4 COLLATE=utf8mb4_unicode_ci;
/*!40101 SET character_set_client = @saved_cs_client */;

--
-- Dumping data for table `products_in_cart`
--

LOCK TABLES `products_in_cart` WRITE;
/*!40000 ALTER TABLE `products_in_cart` DISABLE KEYS */;
INSERT INTO `products_in_cart` VALUES (1,1,1,'2019-12-30 01:18:14','2019-12-30 01:18:14'),(5,2,1,'2019-12-17 01:09:17','2019-12-17 01:09:17'),(12,1,1,'2019-12-19 01:10:08','2019-12-19 01:10:08'),(12,30,1,'2019-12-19 01:02:28','2019-12-19 01:02:28'),(21,1,6,'2019-12-18 08:37:44','2019-12-18 10:04:22'),(21,2,1,'2019-12-18 10:13:08','2019-12-18 10:13:08'),(21,31,8,'2019-12-18 08:37:52','2019-12-18 08:37:52'),(23,1,1,'2020-01-13 07:25:38','2020-01-13 07:25:38'),(29,1,1,'2020-01-13 16:10:51','2020-01-13 16:10:51'),(32,68,1,'2020-01-11 20:10:07','2020-01-11 20:10:07');
/*!40000 ALTER TABLE `products_in_cart` ENABLE KEYS */;
UNLOCK TABLES;

--
-- Table structure for table `users`
--

DROP TABLE IF EXISTS `users`;
/*!40101 SET @saved_cs_client     = @@character_set_client */;
/*!50503 SET character_set_client = utf8mb4 */;
CREATE TABLE `users` (
  `id` bigint(20) unsigned NOT NULL AUTO_INCREMENT,
  `name` varchar(255) COLLATE utf8mb4_unicode_ci NOT NULL,
  `email` varchar(255) COLLATE utf8mb4_unicode_ci NOT NULL,
  `email_verified_at` timestamp NULL DEFAULT NULL,
  `password` varchar(255) COLLATE utf8mb4_unicode_ci NOT NULL,
  `remember_token` varchar(100) COLLATE utf8mb4_unicode_ci DEFAULT NULL,
  `created_at` timestamp NULL DEFAULT NULL,
  `updated_at` timestamp NULL DEFAULT NULL,
  `country` int(11) DEFAULT NULL,
  `province` int(11) DEFAULT NULL,
  `avatar` varchar(255) COLLATE utf8mb4_unicode_ci DEFAULT NULL,
  `is_admin` int(11) DEFAULT NULL,
  PRIMARY KEY (`id`),
  UNIQUE KEY `users_email_unique` (`email`)
) ENGINE=InnoDB AUTO_INCREMENT=35 DEFAULT CHARSET=utf8mb4 COLLATE=utf8mb4_unicode_ci;
/*!40101 SET character_set_client = @saved_cs_client */;

--
-- Dumping data for table `users`
--

LOCK TABLES `users` WRITE;
/*!40000 ALTER TABLE `users` DISABLE KEYS */;
INSERT INTO `users` VALUES (1,'Juan','juan.stillo1@gmail.com',NULL,'$2y$10$nN5Z1u3IqdKQRD88N8am2uueX/GELMsVFLL3JlEPF2kW65MkpPkRq',NULL,'2019-12-14 02:00:46','2019-12-14 02:00:46',NULL,NULL,NULL,NULL),(2,'juan','112121@1.com',NULL,'$2y$10$76sF33rmj3m8QsHttN8PheqHjPC.rkHGoyo0d9Lxcfcijx7kpR.k2',NULL,'2019-12-15 20:41:45','2019-12-15 20:41:45',NULL,NULL,NULL,NULL),(3,'juanstillo','juan.stillo12@gmail.com',NULL,'$2y$10$.Tb1xj/pfEmRo3dt38nd8.ZQvUl2LH1mQzjGC4yHf/GR0nMMO6XLq',NULL,'2019-12-16 06:23:10','2019-12-16 06:23:10',NULL,NULL,NULL,NULL),(4,'Marcelo','mdiaz@sinectis.com',NULL,'$2y$10$uS9xyjpZXYg4RUYDbc/v8uiqMALY4Pm620d/7tnVUrpH4nbvNYfRC',NULL,'2019-12-16 06:40:28','2019-12-16 06:40:28',NULL,NULL,NULL,NULL),(5,'sacha','sacha@123.com',NULL,'$2y$10$npIXZ01k.XL9wzxl61pCMeCqGuuU1XxKcoggmgue0ucN1AXG3gXte',NULL,'2019-12-17 01:05:22','2019-12-17 01:05:22',NULL,NULL,NULL,NULL),(6,'PATO','PATO@PATO.COM.AR',NULL,'$2y$10$Og91IlvKrcm8eew0GWoNDOdlMzRnLTPUXovWE0RCDRJwyJYsJkqY6',NULL,'2019-12-17 02:32:38','2019-12-17 02:32:38',NULL,NULL,NULL,NULL),(7,'lala','lala@dh.com.ar',NULL,'$2y$10$hR3XyA4.vaRhHXbtpz/87OT6PcrZb6F3Qc/FZkps4W76LHlwjdlKS',NULL,'2019-12-17 02:35:59','2019-12-17 02:35:59',32,54,NULL,NULL),(8,'juan','1@1.com',NULL,'$2y$10$1rgO0NRHEjdeTjERWn04kOlTMVC1feKrzp3aQVxqolKvHPS.19TIK',NULL,'2019-12-17 18:29:49','2019-12-17 18:29:49',NULL,NULL,NULL,NULL),(9,'1','jfjwjfwj@hotmail.com',NULL,'$2y$10$npdL8iRn3zFgocj.tPHvn.bbolPCaUagUVC6N9RXi2KwHxWnI/JkK',NULL,'2019-12-17 18:36:39','2019-12-17 18:36:39',NULL,NULL,NULL,NULL),(10,'MARCOS','MARCOSjp@jp.com',NULL,'$2y$10$JZseG0TJAGcIrolM72XUu.Ce9WNarsDZTbGO3VbUxxjG2mO9aHLU.',NULL,'2019-12-17 18:47:00','2019-12-17 18:47:00',32,54,NULL,NULL),(11,'diego','dd@hotmail.com',NULL,'$2y$10$aj8iXWkjOJ.KPShMzPHhtejZryURZBQXJ8kqY5z1faU2HXLt2UW4C',NULL,'2019-12-17 18:56:32','2019-12-17 18:56:32',32,70,NULL,NULL),(12,'SUSANA','SUSANA@GMAIL.COM',NULL,'$2y$10$foGF9ob76NVPJYbH4lFkBubYCb1MGflAoPZ9YeNqZf5dNQ1bzk67u',NULL,'2019-12-17 19:23:22','2019-12-17 19:23:22',32,54,'06RA8Hfngj2Brn1Jl4J6KqILw1t0VTm7EdLPXIFQ.jpeg',NULL),(13,'SUSANO','SUSANO@GMAIL.COM',NULL,'$2y$10$qWRQG.ejzvH8dzVztO/fqO9NwUo1H2AHTIv8gu1XtVMteLVx4QUeK',NULL,'2019-12-17 19:35:35','2019-12-17 19:35:35',32,74,'VpdnuAnhY9VqisHGdLAQldydBspzmlgI0ZFguOEP.jpeg',NULL),(14,'Marisa','marisa@google.com',NULL,'$2y$10$BpuNZtQlAobkd.WGKpUsOOVSQ2JiERpbodYkHhH1lwjkI0lvTKmE.',NULL,'2019-12-17 19:43:41','2019-12-17 19:43:41',32,74,'e6OkdO4HlLwqc61E9oc2hoGI9kQzTfBT5i5SogHl.jpeg',NULL),(15,'JuanCarlos','jc@hotmail.com',NULL,'$2y$10$p1PK/U/tHzAJNf86yrfZIuzUUWv1AZl64mK0gr0f0sD9MgUOOK4mG',NULL,'2019-12-17 22:45:36','2019-12-17 22:45:36',32,74,'AZDiMtWoU5UDPh7vvwbtqARJVVRhPfhOVI71RZ1z.jpeg',NULL),(16,'unimember','roge54545rjorge2002@yahoo.com.ar',NULL,'$2y$10$7lfFFxxUH.25Rak0JC086eiJkYvtv2Oo/YQMd2LRHrT9ea179C32.',NULL,'2019-12-17 22:57:30','2019-12-17 22:57:30',32,74,'C2kQsSRQBRjhvmK7GkYAZGZQDe9WAeZcFYzeWMzv.jpeg',NULL),(17,'Matias','mpalermo1@gmail.com',NULL,'$2y$10$m9zkm0uGAZh9NaA/5gE/9.WQynK7S8VWxDDPZYAxS1lAxq27LmDzm',NULL,'2019-12-17 23:00:38','2019-12-17 23:00:38',32,74,'qwBKH6LuOzADQHemQof3PCFcksfgSIrCEeTBG0sr.jpeg',NULL),(18,'patototot','pato@patrico.com',NULL,'$2y$10$qDYMjBV1MslNYN2wug1lNuZML.1IfNxh7AmL2FCunuOWQP34yG39.',NULL,'2019-12-17 23:02:12','2019-12-17 23:02:12',32,74,'dtfaXTLMSbyzjoD3fnxBUY9x6DwhmeaZZIvzN9O7.jpeg',NULL),(19,'Juans','juan.s@hotmail.com',NULL,'$2y$10$U9fdW0lrVKWDbDsTZomulu3Pgae2/sFf2Sjzui0lg7vDTzChuXRoi',NULL,'2019-12-17 23:49:02','2019-12-17 23:49:02',32,70,'S68XSqAFXK9lSmn2iZaO13i1w2892yY3og7efi9D.jpeg',NULL),(20,'Juan','jp@jp.com',NULL,'$2y$10$MWyWUJcDgiv6445BnWudAOvujzPFWgDYGEhicTUt5A8oV9U1AW.O6',NULL,'2019-12-18 04:44:53','2019-12-18 04:44:53',32,70,'FrE6OwzPKOi2lvRAwbSfHx2yCy2zDKWSQMcuqVCz.jpeg',NULL),(21,'Clara','clara@google.com',NULL,'$2y$10$earuMi.bcTAiJBZcV/JqYeOToI6bHog8ewhOWA3ZVovegC4Ldi2Qq',NULL,'2019-12-18 08:37:07','2019-12-18 08:37:07',32,78,'YuX54A1NH6XSZMTn4wquo9nLsD4dltqxbYM8nFpK.jpeg',NULL),(22,'Sachal','sachal@gmail.com',NULL,'$2y$10$LcX1ZCpNnhD/FFJTTsmpH.7WL1o7ZXxRmUNNiwAyUcyBTb6ybJlIu',NULL,'2019-12-18 11:06:32','2019-12-18 11:06:32',32,58,'xsAy0SRq4DKIZDJR0DnyYwxDOiPhCkwaa9qcPPRs.jpeg',NULL),(23,'Digitalhouse','dh@dh.com.ar',NULL,'$2y$10$QSxm4KAuDRXIMFEmpau/Rum0ouTZE8C9yACfQ7A1/RgAzQG7W49LC',NULL,'2019-12-19 01:59:15','2019-12-19 01:59:15',32,14,'SMIYwqDBzXSmClgSLr360MqrTc7480NSC5nrpQnq.jpeg',NULL),(24,'Juancito1','jp1@jp.com',NULL,'$2y$10$tCnvCz54UADiB0cRgnFQZO.r8JNg7mDwdC.bRUh1qUi6.JLyHKUum',NULL,'2020-01-06 05:08:51','2020-01-06 05:08:51',32,70,'TyFxZohVfvmQJY8Sb1ku3VygNGT5C5n9QF91ytRn.jpeg',NULL),(28,'Carlos','c1c1c1@gmail.com',NULL,'$2y$10$F6.xGrqUMyT6Gzo5CheIKeBBujtwFGivg/psfqy1CIpSqQCDIDjvW',NULL,'2020-01-09 22:16:48','2020-01-09 22:16:48',32,70,'QEUVuCPT8vLoe90DUIGIiTpQgjBFRm0OqPIvkREA.jpeg',NULL),(29,'admin','juans@bancaria.org.ar',NULL,'$2y$10$fqSbkg17SZsolhYXc/C4tO7X./OaI.K0kf.0YNwHlDkFcDi7tAyvG',NULL,'2020-01-09 22:19:50','2020-01-09 22:19:50',32,70,'mbNBqE4ZUqUug3stezONm1TuwZ7TmBXCfCZEHhWi.jpeg',1),(30,'Matias Bueno','matibueno@gmail.com',NULL,'$2y$10$matwyO61HMsxAx/V9.zYkewDvq3D7ubQgDWXz6RqxxyA5KGwMOUpu',NULL,'2020-01-10 18:32:40','2020-01-10 18:32:40',32,74,'UMNdqvl6oyKRSErMl5nY0yU059nBEjz8jBvpg3y1.jpeg',NULL),(31,'Jorge11','martinbueno@gmail.com',NULL,'$2y$10$MDhrKnkrtn37R1MH3gj8N.jv3.esUioE5g7/HY9ijVbppIPSfGSKW',NULL,'2020-01-11 20:05:55','2020-01-11 20:05:55',32,74,'t7PvLaeH8N2t5eZ2R0HpdbGohH8PKb8ZHOMNMyEV.jpeg',NULL),(32,'JpEscotorin','jp@gmail.com',NULL,'$2y$10$HZBAnOWK27cPxmXhGy.sReX65YcwrKJKVduOfkMmaG3VWFLNxKERu',NULL,'2020-01-11 20:06:52','2020-01-11 20:06:52',32,54,'LUENuUzkJewlXogA6AKU1mwpuHUY8I1WKpKE6Fvj.jpeg',NULL),(33,'juan','juanf.s@hotmail.com',NULL,'$2y$10$.Wpq6NBgsOreYPYWcWzNTedXPMGc/dFrH9XfH9osg5ZOTzU21XeXC',NULL,'2020-01-13 22:30:37','2020-01-13 22:30:37',32,54,'YynREDOf4A7tdhxCGJbEr93zH12SnJI9HhJ6cOTM.jpeg',NULL),(34,'kokok','jplplp@jp.com',NULL,'$2y$10$ru42D/ufJud743msz3gem.3yHO1byeKnVph7e5hh8FGl7xAhBQaAe',NULL,'2020-01-13 23:05:16','2020-01-13 23:05:16',32,70,'IJsljh1WgTwyzi6NMxUfIo2louGct5yeAjosuOtH.jpeg',NULL);
/*!40000 ALTER TABLE `users` ENABLE KEYS */;
UNLOCK TABLES;
/*!40103 SET TIME_ZONE=@OLD_TIME_ZONE */;

/*!40101 SET SQL_MODE=@OLD_SQL_MODE */;
/*!40014 SET FOREIGN_KEY_CHECKS=@OLD_FOREIGN_KEY_CHECKS */;
/*!40014 SET UNIQUE_CHECKS=@OLD_UNIQUE_CHECKS */;
/*!40101 SET CHARACTER_SET_CLIENT=@OLD_CHARACTER_SET_CLIENT */;
/*!40101 SET CHARACTER_SET_RESULTS=@OLD_CHARACTER_SET_RESULTS */;
/*!40101 SET COLLATION_CONNECTION=@OLD_COLLATION_CONNECTION */;
/*!40111 SET SQL_NOTES=@OLD_SQL_NOTES */;

-- Dump completed on 2020-01-14 19:45:01
